candle_num,timestamp,slug,title,btc_open,btc_close,btc_delta,actual_direction,decision,side_bought,buy_price,bet_amount,won,pnl,pnl_pct,cumulative_pnl,balance,win_rate,decision_btc_price,decision_delta
1,2026-02-22T19:05:01.131751+00:00,btc-updown-5m-1771786800,"Bitcoin Up or Down - February 22, 2:00PM-2:05PM ET",67422.62,67469.54,46.92,UP,BUY_UP,UP,0.6000,5.00,True,3.3333,66.67,3.3333,13.3333,100.0,67428.31,5.69
2,2026-02-22T19:15:01.133534+00:00,btc-updown-5m-1771787400,"Bitcoin Up or Down - February 22, 2:10PM-2:15PM ET",67483.99,67416.33,-67.66,DOWN,SKIP_EXPENSIVE,,0.6700,0.00,False,0.0000,0.00,3.3333,13.3333,100.0,67470.51,-13.48
3,2026-02-22T19:25:01.142112+00:00,btc-updown-5m-1771788000,"Bitcoin Up or Down - February 22, 2:20PM-2:25PM ET",67431.72,67447.08,15.36,UP,SKIP_EXPENSIVE,,0.6200,0.00,False,0.0000,0.00,3.3333,13.3333,100.0,67437.30,5.58
4,2026-02-22T19:35:01.135540+00:00,btc-updown-5m-1771788600,"Bitcoin Up or Down - February 22, 2:30PM-2:35PM ET",67433.58,67469.24,35.66,UP,SKIP_EXPENSIVE,,0.7200,0.00,False,0.0000,0.00,3.3333,13.3333,100.0,67414.46,-19.12
5,2026-02-22T19:45:01.131977+00:00,btc-updown-5m-1771789200,"Bitcoin Up or Down - February 22, 2:40PM-2:45PM ET",67470.20,67472.56,2.36,UP,SKIP_FLAT,,0.0000,0.00,False,0.0000,0.00,3.3333,13.3333,100.0,67470.20,0.00
6,2026-02-22T19:55:01.125551+00:00,btc-updown-5m-1771789800,"Bitcoin Up or Down - February 22, 2:50PM-2:55PM ET",67453.90,67439.70,-14.20,DOWN,SKIP_EXPENSIVE,,0.6800,0.00,False,0.0000,0.00,3.3333,13.3333,100.0,67467.66,13.76
7,2026-02-22T20:05:01.140171+00:00,btc-updown-5m-1771790400,"Bitcoin Up or Down - February 22, 3:00PM-3:05PM ET",67428.32,67406.25,-22.07,DOWN,SKIP_EXPENSIVE,,0.6800,0.00,False,0.0000,0.00,3.3333,13.3333,100.0,67413.26,-15.06
8,2026-02-22T20:15:01.135789+00:00,btc-updown-5m-1771791000,"Bitcoin Up or Down - February 22, 3:10PM-3:15PM ET",67423.70,67399.45,-24.25,DOWN,SKIP_FLAT,,0.0000,0.00,False,0.0000,0.00,3.3333,13.3333,100.0,67423.70,0.00
9,2026-02-22T20:25:01.132791+00:00,btc-updown-5m-1771791600,"Bitcoin Up or Down - February 22, 3:20PM-3:25PM ET",67436.99,67462.00,25.01,UP,SKIP_FLAT,,0.0000,0.00,False,0.0000,0.00,3.3333,13.3333,100.0,67436.99,0.00
10,2026-02-22T20:35:01.133428+00:00,btc-updown-5m-1771792200,"Bitcoin Up or Down - February 22, 3:30PM-3:35PM ET",67450.56,67422.59,-27.97,DOWN,BUY_DOWN,DOWN,0.5100,5.00,True,4.8039,96.08,8.1373,18.1373,100.0,67442.59,-7.97
11,2026-02-22T20:45:01.119511+00:00,btc-updown-5m-1771792800,"Bitcoin Up or Down - February 22, 3:40PM-3:45PM ET",67429.15,67422.65,-6.50,DOWN,SKIP_EXPENSIVE,,0.6600,0.00,False,0.0000,0.00,8.1373,18.1373,100.0,67421.22,-7.93
12,2026-02-22T20:55:01.146101+00:00,btc-updown-5m-1771793400,"Bitcoin Up or Down - February 22, 3:50PM-3:55PM ET",67466.37,67372.00,-94.37,DOWN,SKIP_EXPENSIVE,,0.6400,0.00,False,0.0000,0.00,8.1373,18.1373,100.0,67451.81,-14.56
13,2026-02-22T21:05:01.150866+00:00,btc-updown-5m-1771794000,"Bitcoin Up or Down - February 22, 4:00PM-4:05PM ET",67401.74,67466.79,65.05,UP,SKIP_EXPENSIVE,,0.7000,0.00,False,0.0000,0.00,8.1373,18.1373,100.0,67419.82,18.08
14,2026-02-22T21:15:01.144560+00:00,btc-updown-5m-1771794600,"Bitcoin Up or Down - February 22, 4:10PM-4:15PM ET",67450.80,67447.93,-2.87,DOWN,SKIP_EXPENSIVE,,0.6800,0.00,False,0.0000,0.00,8.1373,18.1373,100.0,67463.05,12.25
15,2026-02-22T21:25:01.132962+00:00,btc-updown-5m-1771795200,"Bitcoin Up or Down - February 22, 4:20PM-4:25PM ET",67482.58,67476.72,-5.86,DOWN,SKIP_EXPENSIVE,,0.6300,0.00,False,0.0000,0.00,8.1373,18.1373,100.0,67473.93,-8.65
16,2026-02-22T21:35:01.122142+00:00,btc-updown-5m-1771795800,"Bitcoin Up or Down - February 22, 4:30PM-4:35PM ET",67458.45,67521.29,62.84,UP,BUY_UP,UP,0.5400,5.00,True,4.2593,85.19,12.3965,22.3965,100.0,67458.57,0.12
17,2026-02-22T21:45:01.130568+00:00,btc-updown-5m-1771796400,"Bitcoin Up or Down - February 22, 4:40PM-4:45PM ET",67617.24,67591.14,-26.10,DOWN,SKIP_EXPENSIVE,,0.7500,0.00,False,0.0000,0.00,12.3965,22.3965,100.0,67599.49,-17.75
18,2026-02-22T21:55:01.135018+00:00,btc-updown-5m-1771797000,"Bitcoin Up or Down - February 22, 4:50PM-4:55PM ET",67600.75,67618.01,17.26,UP,SKIP_FLAT,,0.0000,0.00,False,0.0000,0.00,12.3965,22.3965,100.0,67600.75,0.00
19,2026-02-22T22:05:01.143766+00:00,btc-updown-5m-1771797600,"Bitcoin Up or Down - February 22, 5:00PM-5:05PM ET",67612.66,67579.15,-33.51,DOWN,BUY_DOWN,DOWN,0.5500,5.00,True,4.0909,81.82,16.4874,26.4874,100.0,67612.65,-0.01
20,2026-02-22T22:15:01.118080+00:00,btc-updown-5m-1771798200,"Bitcoin Up or Down - February 22, 5:10PM-5:15PM ET",67506.85,67510.40,3.55,UP,BUY_DOWN,DOWN,0.5300,5.00,False,-5.0000,-100.00,11.4874,21.4874,80.0,67506.84,-0.01
21,2026-02-22T22:25:01.145425+00:00,btc-updown-5m-1771798800,"Bitcoin Up or Down - February 22, 5:20PM-5:25PM ET",67532.77,67609.39,76.62,UP,SKIP_EXPENSIVE,,0.6400,0.00,False,0.0000,0.00,11.4874,21.4874,80.0,67542.11,9.34
22,2026-02-22T22:35:01.128184+00:00,btc-updown-5m-1771799400,"Bitcoin Up or Down - February 22, 5:30PM-5:35PM ET",67594.09,67615.21,21.12,UP,SKIP_EXPENSIVE,,0.7300,0.00,False,0.0000,0.00,11.4874,21.4874,80.0,67563.65,-30.44
23,2026-02-22T22:45:01.135408+00:00,btc-updown-5m-1771800000,"Bitcoin Up or Down - February 22, 5:40PM-5:45PM ET",67581.04,67679.27,98.23,UP,BUY_UP,UP,0.4500,5.00,True,6.1111,122.22,17.5985,27.5985,83.3,67581.84,0.80
24,2026-02-22T22:55:01.131074+00:00,btc-updown-5m-1771800600,"Bitcoin Up or Down - February 22, 5:50PM-5:55PM ET",67687.50,67743.40,55.90,UP,SKIP_THIN_BOOK,,0.4500,0.00,False,0.0000,0.00,17.5985,27.5985,83.3,67687.51,0.01
25,2026-02-22T23:05:01.134054+00:00,btc-updown-5m-1771801200,"Bitcoin Up or Down - February 22, 6:00PM-6:05PM ET",67666.17,67660.70,-5.47,DOWN,BUY_UP,UP,0.5600,5.00,False,-5.0000,-100.00,12.5985,22.5985,71.4,67686.66,20.49
26,2026-02-22T23:15:01.110445+00:00,btc-updown-5m-1771801800,"Bitcoin Up or Down - February 22, 6:10PM-6:15PM ET",67580.48,67500.00,-80.48,DOWN,BUY_UP,UP,0.5700,5.00,False,-5.0000,-100.00,7.5985,17.5985,62.5,67582.01,1.53
27,2026-02-22T23:25:01.119428+00:00,btc-updown-5m-1771802400,"Bitcoin Up or Down - February 22, 6:20PM-6:25PM ET",67515.77,67589.41,73.64,UP,BUY_UP,UP,0.5600,5.00,True,3.9286,78.57,11.5271,21.5271,66.7,67518.00,2.23
28,2026-02-22T23:35:01.135547+00:00,btc-updown-5m-1771803000,"Bitcoin Up or Down - February 22, 6:30PM-6:35PM ET",67606.64,67573.22,-33.42,DOWN,SKIP_EXPENSIVE,,0.6900,0.00,False,0.0000,0.00,11.5271,21.5271,66.7,67579.38,-27.26
29,2026-02-22T23:45:01.142394+00:00,btc-updown-5m-1771803600,"Bitcoin Up or Down - February 22, 6:40PM-6:45PM ET",67551.23,67513.24,-37.99,DOWN,BUY_UP,UP,0.5800,5.00,False,-5.0000,-100.00,6.5271,16.5271,60.0,67559.63,8.40
30,2026-02-22T23:55:01.129571+00:00,btc-updown-5m-1771804200,"Bitcoin Up or Down - February 22, 6:50PM-6:55PM ET",67592.81,67647.81,55.00,UP,BUY_UP,UP,0.5300,5.00,True,4.4340,88.68,10.9611,20.9611,63.6,67593.99,1.18
31,2026-02-23T00:05:01.135177+00:00,btc-updown-5m-1771804800,"Bitcoin Up or Down - February 22, 7:00PM-7:05PM ET",67643.40,67614.30,-29.10,DOWN,BUY_DOWN,DOWN,0.5700,5.00,True,3.7719,75.44,14.7330,24.7330,66.7,67638.01,-5.39
32,2026-02-23T00:15:01.146349+00:00,btc-updown-5m-1771805400,"Bitcoin Up or Down - February 22, 7:10PM-7:15PM ET",67648.75,67630.21,-18.54,DOWN,BUY_DOWN,DOWN,0.6000,5.00,True,3.3333,66.67,18.0663,28.0663,69.2,67643.36,-5.39
33,2026-02-23T00:25:01.139325+00:00,btc-updown-5m-1771806000,"Bitcoin Up or Down - February 22, 7:20PM-7:25PM ET",67567.04,67480.54,-86.50,DOWN,SKIP_EXPENSIVE,,0.6100,0.00,False,0.0000,0.00,18.0663,28.0663,69.2,67552.40,-14.64
34,2026-02-23T00:35:01.148070+00:00,btc-updown-5m-1771806600,"Bitcoin Up or Down - February 22, 7:30PM-7:35PM ET",67474.01,67304.19,-169.82,DOWN,BUY_DOWN,DOWN,0.5100,5.00,True,4.8039,96.08,22.8703,32.8703,71.4,67464.24,-9.77
35,2026-02-23T00:45:01.116163+00:00,btc-updown-5m-1771807200,"Bitcoin Up or Down - February 22, 7:40PM-7:45PM ET",67199.09,67178.00,-21.09,DOWN,SKIP_EXPENSIVE,,0.6700,0.00,False,0.0000,0.00,22.8703,32.8703,71.4,67223.21,24.12
36,2026-02-23T00:55:01.128815+00:00,btc-updown-5m-1771807800,"Bitcoin Up or Down - February 22, 7:50PM-7:55PM ET",67092.54,67151.71,59.17,UP,BUY_UP,UP,0.5600,5.00,True,3.9286,78.57,26.7988,36.7988,73.3,67098.51,5.97
37,2026-02-23T01:05:01.153693+00:00,btc-updown-5m-1771808400,"Bitcoin Up or Down - February 22, 8:00PM-8:05PM ET",66740.47,66444.84,-295.63,DOWN,SKIP_EXPENSIVE,,0.6400,0.00,False,0.0000,0.00,26.7988,36.7988,73.3,66647.51,-92.96
38,2026-02-23T01:15:01.221188+00:00,btc-updown-5m-1771809000,"Bitcoin Up or Down - February 22, 8:10PM-8:15PM ET",65561.01,65490.99,-70.02,DOWN,BUY_DOWN,DOWN,0.5000,5.00,True,5.0000,100.00,31.7988,41.7988,75.0,65415.65,-145.36
39,2026-02-23T01:25:01.197531+00:00,btc-updown-5m-1771809600,"Bitcoin Up or Down - February 22, 8:20PM-8:25PM ET",65111.18,65040.42,-70.76,DOWN,BUY_UP,UP,0.5100,5.00,False,-5.0000,-100.00,26.7988,36.7988,70.6,65196.15,84.97
40,2026-02-23T01:35:01.121693+00:00,btc-updown-5m-1771810200,"Bitcoin Up or Down - February 22, 8:30PM-8:35PM ET",65050.01,65220.41,170.40,UP,BUY_DOWN,DOWN,0.5600,5.00,False,-5.0000,-100.00,21.7988,31.7988,66.7,65011.82,-38.19
41,2026-02-23T01:45:01.128655+00:00,btc-updown-5m-1771810800,"Bitcoin Up or Down - February 22, 8:40PM-8:45PM ET",65377.07,65124.19,-252.88,DOWN,SKIP_EXPENSIVE,,0.7200,0.00,False,0.0000,0.00,21.7988,31.7988,66.7,65272.25,-104.82
42,2026-02-23T01:55:01.126494+00:00,btc-updown-5m-1771811400,"Bitcoin Up or Down - February 22, 8:50PM-8:55PM ET",64653.47,64442.84,-210.63,DOWN,BUY_UP,UP,0.5800,5.00,False,-5.0000,-100.00,16.7988,26.7988,63.2,64703.49,50.02
43,2026-02-23T02:05:01.123420+00:00,btc-updown-5m-1771812000,"Bitcoin Up or Down - February 22, 9:00PM-9:05PM ET",64427.65,64605.57,177.92,UP,SKIP_COOLDOWN,,0.0000,0.00,False,0.0000,0.00,16.7988,26.7988,63.2,64355.90,-71.75
44,2026-02-23T02:15:01.109437+00:00,btc-updown-5m-1771812600,"Bitcoin Up or Down - February 22, 9:10PM-9:15PM ET",64741.00,64779.97,38.97,UP,SKIP_COOLDOWN,,0.0000,0.00,False,0.0000,0.00,16.7988,26.7988,63.2,64781.30,40.30
45,2026-02-23T02:25:01.127340+00:00,btc-updown-5m-1771813200,"Bitcoin Up or Down - February 22, 9:20PM-9:25PM ET",64700.01,64545.80,-154.21,DOWN,SKIP_COOLDOWN,,0.0000,0.00,False,0.0000,0.00,16.7988,26.7988,63.2,64752.14,52.13
46,2026-02-23T02:35:01.133146+00:00,btc-updown-5m-1771813800,"Bitcoin Up or Down - February 22, 9:30PM-9:35PM ET",64750.05,64908.03,157.98,UP,BUY_UP,UP,0.6000,5.00,True,3.3333,66.67,20.1322,30.1322,65.0,64773.04,22.99
47,2026-02-23T02:45:01.137688+00:00,btc-updown-5m-1771814400,"Bitcoin Up or Down - February 22, 9:40PM-9:45PM ET",64772.89,64844.68,71.79,UP,BUY_DOWN,DOWN,0.6000,5.00,False,-5.0000,-100.00,15.1322,25.1322,61.9,64716.97,-55.92
48,2026-02-23T02:55:01.130303+00:00,btc-updown-5m-1771815000,"Bitcoin Up or Down - February 22, 9:50PM-9:55PM ET",64786.08,64743.19,-42.89,DOWN,SKIP_EXPENSIVE,,0.6500,0.00,False,0.0000,0.00,15.1322,25.1322,61.9,64816.10,30.02
49,2026-02-23T03:05:01.120686+00:00,btc-updown-5m-1771815600,"Bitcoin Up or Down - February 22, 10:00PM-10:05PM ET",64783.56,64902.72,119.16,UP,BUY_UP,UP,0.5500,5.00,True,4.0909,81.82,19.2231,29.2231,63.6,64797.46,13.90
50,2026-02-23T03:15:01.130624+00:00,btc-updown-5m-1771816200,"Bitcoin Up or Down - February 22, 10:10PM-10:15PM ET",64973.43,64930.53,-42.90,DOWN,SKIP_EXPENSIVE,,0.7000,0.00,False,0.0000,0.00,19.2231,29.2231,63.6,64921.26,-52.17
51,2026-02-23T03:25:01.123800+00:00,btc-updown-5m-1771816800,"Bitcoin Up or Down - February 22, 10:20PM-10:25PM ET",64791.01,64764.96,-26.05,DOWN,BUY_DOWN,DOWN,0.5100,5.00,True,4.8039,96.08,24.0270,34.0270,65.2,64780.94,-10.07
52,2026-02-23T03:35:01.123092+00:00,btc-updown-5m-1771817400,"Bitcoin Up or Down - February 22, 10:30PM-10:35PM ET",64769.26,64780.91,11.65,UP,SKIP_EXPENSIVE,,0.7000,0.00,False,0.0000,0.00,24.0270,34.0270,65.2,64798.71,29.45
53,2026-02-23T03:45:01.119609+00:00,btc-updown-5m-1771818000,"Bitcoin Up or Down - February 22, 10:40PM-10:45PM ET",64903.27,65016.75,113.48,UP,BUY_UP,UP,0.6000,5.00,True,3.3333,66.67,27.3603,37.3603,66.7,64916.15,12.88
54,2026-02-23T03:55:01.139647+00:00,btc-updown-5m-1771818600,"Bitcoin Up or Down - February 22, 10:50PM-10:55PM ET",64929.99,64976.99,47.00,UP,BUY_UP,UP,0.5000,5.00,True,5.0000,100.00,32.3603,42.3603,68.0,64931.49,1.50
55,2026-02-23T04:05:01.122423+00:00,btc-updown-5m-1771819200,"Bitcoin Up or Down - February 22, 11:00PM-11:05PM ET",64934.17,64918.76,-15.41,DOWN,SKIP_EXPENSIVE,,0.6300,0.00,False,0.0000,0.00,32.3603,42.3603,68.0,64954.49,20.32
56,2026-02-23T04:15:01.133462+00:00,btc-updown-5m-1771819800,"Bitcoin Up or Down - February 22, 11:10PM-11:15PM ET",64945.74,65023.03,77.29,UP,BUY_DOWN,DOWN,0.5500,5.00,False,-5.0000,-100.00,27.3603,37.3603,65.4,64937.29,-8.45
57,2026-02-23T04:25:01.138560+00:00,btc-updown-5m-1771820400,"Bitcoin Up or Down - February 22, 11:20PM-11:25PM ET",64944.21,64800.01,-144.20,DOWN,SKIP_EXPENSIVE,,0.7100,0.00,False,0.0000,0.00,27.3603,37.3603,65.4,64912.21,-32.00
58,2026-02-23T04:35:01.121615+00:00,btc-updown-5m-1771821000,"Bitcoin Up or Down - February 22, 11:30PM-11:35PM ET",64778.13,64769.57,-8.56,DOWN,SKIP_EXPENSIVE,,0.6700,0.00,False,0.0000,0.00,27.3603,37.3603,65.4,64794.15,16.02
59,2026-02-23T04:45:01.126666+00:00,btc-updown-5m-1771821600,"Bitcoin Up or Down - February 22, 11:40PM-11:45PM ET",64688.41,64728.72,40.31,UP,SKIP_EXPENSIVE,,0.6400,0.00,False,0.0000,0.00,27.3603,37.3603,65.4,64712.01,23.60
60,2026-02-23T04:55:01.122516+00:00,btc-updown-5m-1771822200,"Bitcoin Up or Down - February 22, 11:50PM-11:55PM ET",64710.01,64811.76,101.75,UP,SKIP_EXPENSIVE,,0.6200,0.00,False,0.0000,0.00,27.3603,37.3603,65.4,64720.42,10.41
61,2026-02-23T05:05:01.127653+00:00,btc-updown-5m-1771822800,"Bitcoin Up or Down - February 23, 12:00AM-12:05AM ET",64808.31,64868.71,60.40,UP,BUY_DOWN,DOWN,0.5000,5.00,False,-5.0000,-100.00,22.3603,32.3603,63.0,64806.78,-1.53
62,2026-02-23T05:15:01.135918+00:00,btc-updown-5m-1771823400,"Bitcoin Up or Down - February 23, 12:10AM-12:15AM ET",64968.33,65096.27,127.94,UP,SKIP_EXPENSIVE,,0.6300,0.00,False,0.0000,0.00,22.3603,32.3603,63.0,64989.58,21.25
63,2026-02-23T05:25:01.132101+00:00,btc-updown-5m-1771824000,"Bitcoin Up or Down - February 23, 12:20AM-12:25AM ET",65123.88,65046.67,-77.21,DOWN,BUY_DOWN,DOWN,0.6000,5.00,True,3.3333,66.67,25.6937,35.6937,64.3,65095.77,-28.11
64,2026-02-23T05:35:01.126038+00:00,btc-updown-5m-1771824600,"Bitcoin Up or Down - February 23, 12:30AM-12:35AM ET",65044.73,65104.28,59.55,UP,SKIP_EXPENSIVE,,0.6900,0.00,False,0.0000,0.00,25.6937,35.6937,64.3,65075.73,31.00
65,2026-02-23T05:45:01.127386+00:00,btc-updown-5m-1771825200,"Bitcoin Up or Down - February 23, 12:40AM-12:45AM ET",65046.01,65024.69,-21.32,DOWN,BUY_DOWN,DOWN,0.5300,5.00,True,4.4340,88.68,30.1276,40.1276,65.5,65031.41,-14.60
66,2026-02-23T05:55:01.136198+00:00,btc-updown-5m-1771825800,"Bitcoin Up or Down - February 23, 12:50AM-12:55AM ET",65003.89,65013.01,9.12,UP,BUY_DOWN,DOWN,0.5300,5.00,False,-5.0000,-100.00,25.1276,35.1276,63.3,64997.49,-6.40
67,2026-02-23T06:05:01.128923+00:00,btc-updown-5m-1771826400,"Bitcoin Up or Down - February 23, 1:00AM-1:05AM ET",65070.91,65129.68,58.77,UP,BUY_DOWN,DOWN,0.5400,5.00,False,-5.0000,-100.00,20.1276,30.1276,61.3,65064.01,-6.90
68,2026-02-23T06:15:01.135494+00:00,btc-updown-5m-1771827000,"Bitcoin Up or Down - February 23, 1:10AM-1:15AM ET",65198.72,65350.01,151.29,UP,BUY_DOWN,DOWN,0.5800,5.00,False,-5.0000,-100.00,15.1276,25.1276,59.4,65186.02,-12.70
69,2026-02-23T06:25:01.137106+00:00,btc-updown-5m-1771827600,"Bitcoin Up or Down - February 23, 1:20AM-1:25AM ET",65318.18,65379.52,61.34,UP,SKIP_COOLDOWN,,0.0000,0.00,False,0.0000,0.00,15.1276,25.1276,59.4,65355.74,37.56
70,2026-02-23T06:35:01.123598+00:00,btc-updown-5m-1771828200,"Bitcoin Up or Down - February 23, 1:30AM-1:35AM ET",65310.01,65410.58,100.57,UP,SKIP_COOLDOWN,,0.0000,0.00,False,0.0000,0.00,15.1276,25.1276,59.4,65310.29,0.28
71,2026-02-23T06:45:01.122299+00:00,btc-updown-5m-1771828800,"Bitcoin Up or Down - February 23, 1:40AM-1:45AM ET",65622.76,65533.41,-89.35,DOWN,SKIP_COOLDOWN,,0.0000,0.00,False,0.0000,0.00,15.1276,25.1276,59.4,65621.37,-1.39
72,2026-02-23T06:55:01.119672+00:00,btc-updown-5m-1771829400,"Bitcoin Up or Down - February 23, 1:50AM-1:55AM ET",65665.63,65792.49,126.86,UP,SKIP_EXPENSIVE,,0.7700,0.00,False,0.0000,0.00,15.1276,25.1276,59.4,65724.89,59.26
73,2026-02-23T07:05:01.121402+00:00,btc-updown-5m-1771830000,"Bitcoin Up or Down - February 23, 2:00AM-2:05AM ET",65757.32,65839.92,82.60,UP,BUY_UP,UP,0.5500,5.00,True,4.0909,81.82,19.2185,29.2185,60.6,65766.23,8.91
74,2026-02-23T07:15:01.129142+00:00,btc-updown-5m-1771830600,"Bitcoin Up or Down - February 23, 2:10AM-2:15AM ET",65750.00,65790.76,40.76,UP,SKIP_EXPENSIVE,,0.6100,0.00,False,0.0000,0.00,19.2185,29.2185,60.6,65724.84,-25.16
75,2026-02-23T07:25:01.134864+00:00,btc-updown-5m-1771831200,"Bitcoin Up or Down - February 23, 2:20AM-2:25AM ET",65781.01,65729.69,-51.32,DOWN,BUY_DOWN,DOWN,0.5700,5.00,True,3.7719,75.44,22.9905,32.9905,61.8,65780.83,-0.18
76,2026-02-23T07:35:01.142089+00:00,btc-updown-5m-1771831800,"Bitcoin Up or Down - February 23, 2:30AM-2:35AM ET",65689.66,65790.22,100.56,UP,BUY_DOWN,DOWN,0.5500,5.00,False,-5.0000,-100.00,17.9905,27.9905,60.0,65689.65,-0.01
77,2026-02-23T07:45:01.120511+00:00,btc-updown-5m-1771832400,"Bitcoin Up or Down - February 23, 2:40AM-2:45AM ET",65944.01,65949.06,5.05,UP,SKIP_EXPENSIVE,,0.7300,0.00,False,0.0000,0.00,17.9905,27.9905,60.0,66002.25,58.24
78,2026-02-23T07:55:01.140332+00:00,btc-updown-5m-1771833000,"Bitcoin Up or Down - February 23, 2:50AM-2:55AM ET",65924.22,65947.52,23.30,UP,BUY_UP,UP,0.5100,5.00,True,4.8039,96.08,22.7944,32.7944,61.1,65926.03,1.81
79,2026-02-23T08:05:01.140025+00:00,btc-updown-5m-1771833600,"Bitcoin Up or Down - February 23, 3:00AM-3:05AM ET",65958.94,65816.08,-142.86,DOWN,SKIP_EXPENSIVE,,0.7000,0.00,False,0.0000,0.00,22.7944,32.7944,61.1,65929.27,-29.67
80,2026-02-23T08:15:01.132552+00:00,btc-updown-5m-1771834200,"Bitcoin Up or Down - February 23, 3:10AM-3:15AM ET",65726.90,65846.03,119.13,UP,SKIP_EXPENSIVE,,0.6500,0.00,False,0.0000,0.00,22.7944,32.7944,61.1,65753.85,26.95
81,2026-02-23T08:25:01.134037+00:00,btc-updown-5m-1771834800,"Bitcoin Up or Down - February 23, 3:20AM-3:25AM ET",65759.12,65649.89,-109.23,DOWN,SKIP_EXPENSIVE,,0.6700,0.00,False,0.0000,0.00,22.7944,32.7944,61.1,65727.74,-31.38
82,2026-02-23T08:35:01.121629+00:00,btc-updown-5m-1771835400,"Bitcoin Up or Down - February 23, 3:30AM-3:35AM ET",65682.68,65660.06,-22.62,DOWN,BUY_UP,UP,0.5100,5.00,False,-5.0000,-100.00,17.7944,27.7944,59.5,65686.09,3.41
83,2026-02-23T08:45:01.134634+00:00,btc-updown-5m-1771836000,"Bitcoin Up or Down - February 23, 3:40AM-3:45AM ET",65616.74,65618.09,1.35,UP,BUY_UP,UP,0.5600,5.00,True,3.9286,78.57,21.7229,31.7229,60.5,65621.00,4.26
84,2026-02-23T08:55:01.136932+00:00,btc-updown-5m-1771836600,"Bitcoin Up or Down - February 23, 3:50AM-3:55AM ET",65613.98,65594.54,-19.44,DOWN,BUY_DOWN,DOWN,0.5200,5.00,True,4.6154,92.31,26.3383,36.3383,61.5,65612.65,-1.33
85,2026-02-23T09:05:01.123077+00:00,btc-updown-5m-1771837200,"Bitcoin Up or Down - February 23, 4:00AM-4:05AM ET",65676.44,65815.39,138.95,UP,SKIP_EXPENSIVE,,0.7000,0.00,False,0.0000,0.00,26.3383,36.3383,61.5,65720.10,43.66
86,2026-02-23T09:15:01.136003+00:00,btc-updown-5m-1771837800,"Bitcoin Up or Down - February 23, 4:10AM-4:15AM ET",65787.45,65816.86,29.41,UP,SKIP_FLAT,,0.0000,0.00,False,0.0000,0.00,26.3383,36.3383,61.5,65787.45,0.00
87,2026-02-23T09:25:01.139988+00:00,btc-updown-5m-1771838400,"Bitcoin Up or Down - February 23, 4:20AM-4:25AM ET",65738.42,65772.67,34.25,UP,BUY_UP,UP,0.5800,5.00,True,3.6207,72.41,29.9590,39.9590,62.5,65750.63,12.21
88,2026-02-23T09:35:01.141482+00:00,btc-updown-5m-1771839000,"Bitcoin Up or Down - February 23, 4:30AM-4:35AM ET",65844.09,66158.99,314.90,UP,SKIP_EXPENSIVE,,0.6700,0.00,False,0.0000,0.00,29.9590,39.9590,62.5,65829.58,-14.51
89,2026-02-23T09:45:01.122432+00:00,btc-updown-5m-1771839600,"Bitcoin Up or Down - February 23, 4:40AM-4:45AM ET",66279.19,66291.37,12.18,UP,SKIP_EXPENSIVE,,0.6400,0.00,False,0.0000,0.00,29.9590,39.9590,62.5,66259.31,-19.88
90,2026-02-23T09:55:01.126246+00:00,btc-updown-5m-1771840200,"Bitcoin Up or Down - February 23, 4:50AM-4:55AM ET",66314.58,66456.50,141.92,UP,SKIP_EXPENSIVE,,0.7400,0.00,False,0.0000,0.00,29.9590,39.9590,62.5,66255.75,-58.83
91,2026-02-23T10:05:01.134427+00:00,btc-updown-5m-1771840800,"Bitcoin Up or Down - February 23, 5:00AM-5:05AM ET",66404.91,66488.54,83.63,UP,SKIP_EXPENSIVE,,0.6600,0.00,False,0.0000,0.00,29.9590,39.9590,62.5,66367.91,-37.00
92,2026-02-23T10:15:01.140162+00:00,btc-updown-5m-1771841400,"Bitcoin Up or Down - February 23, 5:10AM-5:15AM ET",66358.24,66317.39,-40.85,DOWN,BUY_UP,UP,0.5100,5.00,False,-5.0000,-100.00,24.9590,34.9590,61.0,66358.40,0.16
93,2026-02-23T10:25:00.763010+00:00,btc-updown-5m-1771842000,"Bitcoin Up or Down - February 23, 5:20AM-5:25AM ET",66456.50,66441.99,-14.51,DOWN,SKIP_NO_ASKS,,0.0000,0.00,False,0.0000,0.00,24.9590,34.9590,61.0,66459.87,3.37
94,2026-02-23T10:35:01.159736+00:00,btc-updown-5m-1771842600,"Bitcoin Up or Down - February 23, 5:30AM-5:35AM ET",66363.25,66294.01,-69.24,DOWN,BUY_DOWN,DOWN,0.5400,5.00,True,4.2593,85.19,29.2183,39.2183,61.9,66356.62,-6.63
95,2026-02-23T10:45:01.135841+00:00,btc-updown-5m-1771843200,"Bitcoin Up or Down - February 23, 5:40AM-5:45AM ET",66266.03,66342.62,76.59,UP,SKIP_EXPENSIVE,,0.7500,0.00,False,0.0000,0.00,29.2183,39.2183,61.9,66296.54,30.51
96,2026-02-23T10:55:01.143501+00:00,btc-updown-5m-1771843800,"Bitcoin Up or Down - February 23, 5:50AM-5:55AM ET",66302.68,66365.95,63.27,UP,BUY_UP,UP,0.5500,5.00,True,4.0909,81.82,33.3092,43.3092,62.8,66306.30,3.62
97,2026-02-23T11:05:01.140425+00:00,btc-updown-5m-1771844400,"Bitcoin Up or Down - February 23, 6:00AM-6:05AM ET",66319.69,66255.97,-63.72,DOWN,BUY_UP,UP,0.5200,5.00,False,-5.0000,-100.00,28.3092,38.3092,61.4,66323.22,3.53
98,2026-02-23T11:15:01.119085+00:00,btc-updown-5m-1771845000,"Bitcoin Up or Down - February 23, 6:10AM-6:15AM ET",66337.99,66367.08,29.09,UP,BUY_UP,UP,0.5500,5.00,True,4.0909,81.82,32.4001,42.4001,62.2,66362.46,24.47
99,2026-02-23T11:25:01.137941+00:00,btc-updown-5m-1771845600,"Bitcoin Up or Down - February 23, 6:20AM-6:25AM ET",66447.39,66329.46,-117.93,DOWN,BUY_DOWN,DOWN,0.6000,5.00,True,3.3333,66.67,35.7334,45.7334,63.0,66439.95,-7.44
100,2026-02-23T11:35:01.128342+00:00,btc-updown-5m-1771846200,"Bitcoin Up or Down - February 23, 6:30AM-6:35AM ET",66325.30,66274.00,-51.30,DOWN,SKIP_EXPENSIVE,,0.7100,0.00,False,0.0000,0.00,35.7334,45.7334,63.0,66292.53,-32.77
101,2026-02-23T11:45:01.128986+00:00,btc-updown-5m-1771846800,"Bitcoin Up or Down - February 23, 6:40AM-6:45AM ET",66174.53,66139.57,-34.96,DOWN,SKIP_FLAT,,0.0000,0.00,False,0.0000,0.00,35.7334,45.7334,63.0,66174.53,0.00
102,2026-02-23T11:55:01.132671+00:00,btc-updown-5m-1771847400,"Bitcoin Up or Down - February 23, 6:50AM-6:55AM ET",66143.01,66168.09,25.08,UP,SKIP_EXPENSIVE,,0.8200,0.00,False,0.0000,0.00,35.7334,45.7334,63.0,66199.99,56.98
103,2026-02-23T12:05:01.125475+00:00,btc-updown-5m-1771848000,"Bitcoin Up or Down - February 23, 7:00AM-7:05AM ET",66207.23,66182.72,-24.51,DOWN,BUY_DOWN,DOWN,0.6000,5.00,True,3.3333,66.67,39.0668,49.0668,63.8,66188.93,-18.30
104,2026-02-23T12:15:01.125368+00:00,btc-updown-5m-1771848600,"Bitcoin Up or Down - February 23, 7:10AM-7:15AM ET",66188.01,66220.82,32.81,UP,BUY_UP,UP,0.5700,5.00,True,3.7719,75.44,42.8387,52.8387,64.6,66191.71,3.70
105,2026-02-23T12:25:01.139911+00:00,btc-updown-5m-1771849200,"Bitcoin Up or Down - February 23, 7:20AM-7:25AM ET",66191.60,66120.99,-70.61,DOWN,SKIP_EXPENSIVE,,0.8400,0.00,False,0.0000,0.00,42.8387,52.8387,64.6,66127.92,-63.68
106,2026-02-23T12:35:01.147101+00:00,btc-updown-5m-1771849800,"Bitcoin Up or Down - February 23, 7:30AM-7:35AM ET",66138.83,65954.55,-184.28,DOWN,BUY_DOWN,DOWN,0.5000,5.00,True,5.0000,100.00,47.8387,57.8387,65.3,66138.82,-0.01
107,2026-02-23T12:45:01.136083+00:00,btc-updown-5m-1771850400,"Bitcoin Up or Down - February 23, 7:40AM-7:45AM ET",66243.80,66421.47,177.67,UP,SKIP_EXPENSIVE,,0.6100,0.00,False,0.0000,0.00,47.8387,57.8387,65.3,66268.60,24.80
108,2026-02-23T12:55:01.132197+00:00,btc-updown-5m-1771851000,"Bitcoin Up or Down - February 23, 7:50AM-7:55AM ET",66367.55,66332.75,-34.80,DOWN,SKIP_EXPENSIVE,,0.6600,0.00,False,0.0000,0.00,47.8387,57.8387,65.3,66322.55,-45.00
109,2026-02-23T13:05:01.116362+00:00,btc-updown-5m-1771851600,"Bitcoin Up or Down - February 23, 8:00AM-8:05AM ET",66280.40,66254.67,-25.73,DOWN,BUY_UP,UP,0.5600,5.00,False,-5.0000,-100.00,42.8387,52.8387,64.0,66292.10,11.70
110,2026-02-23T13:15:01.140067+00:00,btc-updown-5m-1771852200,"Bitcoin Up or Down - February 23, 8:10AM-8:15AM ET",66329.29,66207.24,-122.05,DOWN,BUY_UP,UP,0.5400,5.00,False,-5.0000,-100.00,37.8387,47.8387,62.7,66338.00,8.71
111,2026-02-23T13:25:01.127839+00:00,btc-updown-5m-1771852800,"Bitcoin Up or Down - February 23, 8:20AM-8:25AM ET",66192.60,66171.25,-21.35,DOWN,SKIP_FLAT,,0.0000,0.00,False,0.0000,0.00,37.8387,47.8387,62.7,66192.60,0.00
112,2026-02-23T13:35:01.123554+00:00,btc-updown-5m-1771853400,"Bitcoin Up or Down - February 23, 8:30AM-8:35AM ET",66226.66,66182.54,-44.12,DOWN,BUY_UP,UP,0.5800,5.00,False,-5.0000,-100.00,32.8387,42.8387,61.5,66240.29,13.63
113,2026-02-23T13:45:01.145380+00:00,btc-updown-5m-1771854000,"Bitcoin Up or Down - February 23, 8:40AM-8:45AM ET",66178.98,66340.94,161.96,UP,SKIP_COOLDOWN,,0.0000,0.00,False,0.0000,0.00,32.8387,42.8387,61.5,66226.00,47.02
114,2026-02-23T13:55:01.129331+00:00,btc-updown-5m-1771854600,"Bitcoin Up or Down - February 23, 8:50AM-8:55AM ET",66365.24,66258.32,-106.92,DOWN,SKIP_COOLDOWN,,0.0000,0.00,False,0.0000,0.00,32.8387,42.8387,61.5,66352.57,-12.67
115,2026-02-23T14:05:01.132186+00:00,btc-updown-5m-1771855200,"Bitcoin Up or Down - February 23, 9:00AM-9:05AM ET",66132.66,66189.66,57.00,UP,SKIP_COOLDOWN,,0.0000,0.00,False,0.0000,0.00,32.8387,42.8387,61.5,66140.19,7.53
116,2026-02-23T14:15:01.118943+00:00,btc-updown-5m-1771855800,"Bitcoin Up or Down - February 23, 9:10AM-9:15AM ET",66236.07,66252.36,16.29,UP,BUY_UP,UP,0.5200,5.00,True,4.6154,92.31,37.4541,47.4541,62.3,66238.58,2.51
117,2026-02-23T14:25:00.768079+00:00,btc-updown-5m-1771856400,"Bitcoin Up or Down - February 23, 9:20AM-9:25AM ET",66141.16,66064.88,-76.28,DOWN,SKIP_NO_ASKS,,0.0000,0.00,False,0.0000,0.00,37.4541,47.4541,62.3,66101.01,-40.15
118,2026-02-23T14:35:01.128538+00:00,btc-updown-5m-1771857000,"Bitcoin Up or Down - February 23, 9:30AM-9:35AM ET",66086.26,65932.24,-154.02,DOWN,SKIP_EXPENSIVE,,0.6400,0.00,False,0.0000,0.00,37.4541,47.4541,62.3,66049.54,-36.72
119,2026-02-23T14:45:01.118104+00:00,btc-updown-5m-1771857600,"Bitcoin Up or Down - February 23, 9:40AM-9:45AM ET",65845.29,65812.36,-32.93,DOWN,BUY_UP,UP,0.5300,5.00,False,-5.0000,-100.00,32.4541,42.4541,61.1,65847.22,1.93
120,2026-02-23T14:55:01.138602+00:00,btc-updown-5m-1771858200,"Bitcoin Up or Down - February 23, 9:50AM-9:55AM ET",65649.99,65940.06,290.07,UP,SKIP_EXPENSIVE,,0.7200,0.00,False,0.0000,0.00,32.4541,42.4541,61.1,65742.00,92.01
121,2026-02-23T15:05:01.131912+00:00,btc-updown-5m-1771858800,"Bitcoin Up or Down - February 23, 10:00AM-10:05AM ET",65923.53,65752.07,-171.46,DOWN,BUY_DOWN,DOWN,0.5300,5.00,True,4.4340,88.68,36.8880,46.8880,61.8,65918.21,-5.32
122,2026-02-23T15:15:01.124016+00:00,btc-updown-5m-1771859400,"Bitcoin Up or Down - February 23, 10:10AM-10:15AM ET",65855.01,65958.25,103.24,UP,SKIP_EXPENSIVE,,0.6600,0.00,False,0.0000,0.00,36.8880,46.8880,61.8,65903.57,48.56
123,2026-02-23T15:25:01.110284+00:00,btc-updown-5m-1771860000,"Bitcoin Up or Down - February 23, 10:20AM-10:25AM ET",66012.84,65924.46,-88.38,DOWN,BUY_DOWN,DOWN,0.5900,5.00,True,3.4746,69.49,40.3626,50.3626,62.5,65976.00,-36.84
124,2026-02-23T15:35:01.101805+00:00,btc-updown-5m-1771860600,"Bitcoin Up or Down - February 23, 10:30AM-10:35AM ET",65806.54,65798.47,-8.07,DOWN,SKIP_EXPENSIVE,,0.6300,0.00,False,0.0000,0.00,40.3626,50.3626,62.5,65773.81,-32.73
125,2026-02-23T15:45:01.109367+00:00,btc-updown-5m-1771861200,"Bitcoin Up or Down - February 23, 10:40AM-10:45AM ET",65827.01,65794.14,-32.87,DOWN,SKIP_EXPENSIVE,,0.6800,0.00,False,0.0000,0.00,40.3626,50.3626,62.5,65779.01,-48.00
126,2026-02-23T15:55:01.118626+00:00,btc-updown-5m-1771861800,"Bitcoin Up or Down - February 23, 10:50AM-10:55AM ET",65808.08,65661.56,-146.52,DOWN,BUY_DOWN,DOWN,0.4800,5.00,True,5.4167,108.33,45.7793,55.7793,63.2,65804.90,-3.18
127,2026-02-23T16:05:01.118722+00:00,btc-updown-5m-1771862400,"Bitcoin Up or Down - February 23, 11:00AM-11:05AM ET",65660.10,65395.40,-264.70,DOWN,BUY_DOWN,DOWN,0.5500,5.00,True,4.0909,81.82,49.8702,59.8702,63.8,65656.16,-3.94
128,2026-02-23T16:15:01.126829+00:00,btc-updown-5m-1771863000,"Bitcoin Up or Down - February 23, 11:10AM-11:15AM ET",65415.24,65225.99,-189.25,DOWN,SKIP_EXPENSIVE,,0.6800,0.00,False,0.0000,0.00,49.8702,59.8702,63.8,65465.41,50.17
129,2026-02-23T16:25:01.118628+00:00,btc-updown-5m-1771863600,"Bitcoin Up or Down - February 23, 11:20AM-11:25AM ET",65491.58,65390.24,-101.34,DOWN,BUY_UP,UP,0.5600,5.00,False,-5.0000,-100.00,44.8702,54.8702,62.7,65525.21,33.63
130,2026-02-23T16:35:01.146798+00:00,btc-updown-5m-1771864200,"Bitcoin Up or Down - February 23, 11:30AM-11:35AM ET",65633.14,65475.24,-157.90,DOWN,SKIP_EXPENSIVE,,0.6400,0.00,False,0.0000,0.00,44.8702,54.8702,62.7,65684.30,51.16
